{"cameraMode":{"drawMode":0,"name":"Shaded","section":"Shading Mode"},"sceneLighting":true,"audioPlay":false,"sceneViewState":{"showFog":true,"showMaterialUpdate":false,"showSkybox":true,"showFlares":true,"showImageEffects":true,"showParticleSystems":true},"in2DMode":false,"pivot":{"x":-5.613218307495117,"y":-1.3084993362426758,"z":9.494690895080567},"rotation":{"x":0.08752618730068207,"y":0.8339645266532898,"z":-0.5269280672073364,"w":0.13852496445178986},"size":32.820091247558597,"orthographic":true}